{"c":387.73,"d":-2.61,"dp":-0.6686,"h":392.03999999999996,"l":382.27,"o":392.03999999999996,"pc":390.34,"t":1781282059}